Date,AskPrice_Avg_AUD
5/17/2019,63.12
5/16/2019,62.12
5/15/2019,61.37
5/14/2019,60.86
5/13/2019,61.65
5/10/2019,61.64
5/9/2019,62.02
5/8/2019,61.44
5/7/2019,62.17
5/6/2019,61.43
5/3/2019,61.55
5/2/2019,63.61
5/1/2019,63.4
4/30/2019,63.58
4/29/2019,62.95
4/26/2019,65.13
4/25/2019,65.81
4/24/2019,66.17
4/23/2019,
4/22/2019,64.0
4/18/2019,63.75
4/17/2019,64.32
4/16/2019,63.57
4/15/2019,63.76
4/12/2019,63.71
4/11/2019,64.48
4/10/2019,64.22
4/9/2019,64.4
4/8/2019,63.33
4/5/2019,62.18
4/4/2019,62.5
4/3/2019,62.64
4/2/2019,61.81
4/1/2019,60.24
3/29/2019,59.53
3/28/2019,59.4
3/27/2019,60.03
3/26/2019,59.12
3/25/2019,58.98
3/22/2019,59.87
3/21/2019,
3/20/2019,59.02
3/19/2019,59.01
3/18/2019,58.45
3/15/2019,58.51
3/14/2019,58.35
3/13/2019,57.09
3/12/2019,56.76
3/8/2019,56.43
3/7/2019,56.2
3/6/2019,56.28
3/5/2019,56.45
3/4/2019,55.83
3/1/2019,57.22
2/28/2019,57.0
2/27/2019,55.95
2/26/2019,55.46
2/25/2019,57.17
2/22/2019,56.84
2/21/2019,
2/20/2019,55.94
2/19/2019,55.78
2/15/2019,54.48
2/14/2019,53.96
2/13/2019,53.35
2/12/2019,52.47
2/11/2019,52.66
2/8/2019,52.59
2/7/2019,53.94
2/6/2019,53.73
2/5/2019,54.86
2/4/2019,55.32
2/1/2019,54.01
1/31/2019,54.28
1/30/2019,53.24
1/29/2019,52.12
1/28/2019,53.56
1/25/2019,53.17
1/24/2019,52.45
1/23/2019,
1/22/2019,53.73
1/18/2019,52.23
1/17/2019,52.18
1/16/2019,52.0
1/15/2019,50.78
1/14/2019,51.73
1/11/2019,52.28
1/10/2019,52.18
1/9/2019,49.8
1/8/2019,48.73
1/7/2019,
1/4/2019,46.9
1/3/2019,46.26
1/2/2019,45.8
12/31/2018,45.22
12/28/2018,45.44
12/27/2018,46.58
12/26/2018,42.85
12/24/2018,45.45
12/21/2018,46.25
12/20/2018,
12/19/2018,45.93
12/18/2018,49.16
12/17/2018,51.25
12/14/2018,52.83
12/13/2018,51.2
12/12/2018,51.95
12/11/2018,50.89
12/10/2018,52.03
12/7/2018,51.76
12/6/2018,52.93
12/5/2018,52.59
12/4/2018,53.13
12/3/2018,52.45
11/30/2018,51.27
11/29/2018,50.31
11/28/2018,52.09
11/27/2018,51.54
11/26/2018,50.62
11/23/2018,54.66
11/21/2018,53.39
11/20/2018,
11/19/2018,56.72
11/16/2018,56.58
11/15/2018,56.02
11/14/2018,55.27
11/13/2018,58.88
11/12/2018,60.7
11/9/2018,60.75
11/8/2018,61.64
11/7/2018,61.74
11/6/2018,62.7
11/5/2018,62.99
11/2/2018,63.5
11/1/2018,64.88
10/31/2018,66.32
10/30/2018,66.68
10/29/2018,67.55
10/26/2018,66.95
10/25/2018,66.36
10/24/2018,66.17
10/23/2018,
10/22/2018,69.41
10/19/2018,68.68
10/18/2018,70.03
10/17/2018,72.17
10/16/2018,71.72
10/15/2018,71.85
10/12/2018,70.99
10/11/2018,72.68
10/10/2018,74.66
10/9/2018,74.21
10/8/2018,74.4
10/5/2018,74.67
10/4/2018,76.18
10/3/2018,75.12
10/2/2018,75.42
10/1/2018,73.29
9/28/2018,72.18
9/27/2018,72.01
9/26/2018,72.09
9/25/2018,72.25
9/24/2018,71.14
9/21/2018,
9/20/2018,71.39
9/19/2018,69.71
9/18/2018,68.8
9/17/2018,68.93
9/14/2018,68.79
9/13/2018,70.24
9/12/2018,69.89
9/11/2018,67.53
9/10/2018,67.82
9/7/2018,
9/6/2018,68.64
9/5/2018,69.43
9/4/2018,69.89
8/31/2018,70.06
8/30/2018,69.71
8/29/2018,68.54
8/28/2018,68.93
8/27/2018,68.57
8/24/2018,67.9
8/23/2018,68.07
8/22/2018,
8/21/2018,66.62
8/20/2018,65.91
8/17/2018,65.47
8/16/2018,64.95
8/15/2018,66.62
8/14/2018,67.42
8/13/2018,67.78
8/10/2018,66.74
8/9/2018,66.79
8/8/2018,69.09
8/7/2018,68.9
8/6/2018,68.65
8/3/2018,68.99
8/2/2018,67.86
8/1/2018,68.43
7/31/2018,70.05
7/30/2018,69.01
7/27/2018,69.58
7/26/2018,69.38
7/25/2018,68.77
7/24/2018,67.8
7/23/2018,68.17
7/20/2018,69.39
7/19/2018,69.0
7/18/2018,67.61
7/17/2018,68.03
7/16/2018,70.52
7/13/2018,70.38
7/12/2018,70.6
7/11/2018,74.2
7/10/2018,74.04
7/9/2018,73.87
7/6/2018,73.16
7/5/2018,74.23
7/3/2018,74.08
7/2/2018,73.62
6/29/2018,73.33
6/28/2018,72.27
6/27/2018,70.68
6/26/2018,68.21
6/25/2018,68.75
6/22/2018,65.93
6/21/2018,
6/20/2018,65.11
6/19/2018,65.82
6/18/2018,64.4
6/15/2018,67.0
6/14/2018,66.62
6/13/2018,66.01
6/12/2018,66.05
6/11/2018,65.56
6/8/2018,65.98
6/7/2018,65.07
6/6/2018,65.51
6/5/2018,64.94
6/4/2018,65.71
6/1/2018,67.07
5/31/2018,68.24
5/30/2018,66.85
5/29/2018,67.55
5/25/2018,70.65
5/24/2018,71.83
5/23/2018,
5/22/2018,72.53
5/21/2018,
5/18/2018,71.6
5/17/2018,71.56
5/16/2018,71.02
5/15/2018,71.15
5/14/2018,70.54
5/11/2018,71.45
5/10/2018,71.23
5/9/2018,70.05
5/8/2018,70.03
5/7/2018,69.85
5/4/2018,68.5
5/3/2018,67.68
5/2/2018,67.49
5/1/2018,68.56
4/30/2018,68.15
4/27/2018,68.21
4/26/2018,68.03
4/25/2018,67.75
4/24/2018,68.95
4/23/2018,68.22
4/20/2018,68.26
4/19/2018,68.75
4/18/2018,66.68
4/17/2018,66.42
4/16/2018,67.24
4/13/2018,67.18
4/12/2018,66.75
4/11/2018,65.58
4/10/2018,63.3
4/9/2018,62.0
4/6/2018,63.7
4/5/2018,63.6
4/4/2018,
4/3/2018,62.89
4/2/2018,64.91
3/29/2018,64.69
3/28/2018,64.7
3/27/2018,65.53
3/26/2018,65.9
3/23/2018,64.28
3/22/2018,65.7
3/21/2018,
3/20/2018,62.1
3/19/2018,62.23
3/16/2018,61.19
3/15/2018,60.95
3/14/2018,60.87
3/13/2018,61.37
3/12/2018,62.04
3/9/2018,60.27
3/8/2018,61.33
3/7/2018,62.3
3/6/2018,62.58
3/5/2018,61.55
3/2/2018,61.34
3/1/2018,61.55
2/28/2018,62.79
2/27/2018,64.06
2/26/2018,63.6
2/23/2018,62.6
2/22/2018,61.34
2/21/2018,
2/20/2018,61.63
2/16/2018,61.45
2/15/2018,60.71
2/14/2018,
2/13/2018,59.35
2/12/2018,59.12
2/9/2018,60.43
2/8/2018,61.7
2/7/2018,63.92
2/6/2018,63.43
2/5/2018,65.1
2/2/2018,65.99
2/1/2018,64.76
1/31/2018,64.03
1/30/2018,65.53
1/29/2018,66.18
1/26/2018,65.25
1/25/2018,65.88
1/24/2018,64.42
1/23/2018,
1/22/2018,63.61
1/19/2018,63.74
1/18/2018,64.07
1/17/2018,63.89
1/16/2018,64.43
1/12/2018,63.57
1/11/2018,63.5
1/10/2018,63.41
1/9/2018,61.92
1/8/2018,61.61
1/5/2018,61.9
1/4/2018,61.96
1/3/2018,60.39
1/2/2018,60.2
1/1/2018,
12/29/2017,59.91
12/28/2017,59.53
12/27/2017,59.79
12/26/2017,58.4
12/22/2017,58.21
12/21/2017,58.02
12/20/2017,
12/19/2017,57.3
12/18/2017,57.37
12/15/2017,57.15
12/14/2017,56.7
12/13/2017,57.45
12/12/2017,58.02
12/11/2017,57.25
12/8/2017,56.65
12/7/2017,56.0
12/6/2017,57.45
12/5/2017,57.48
12/4/2017,58.32
12/1/2017,57.42
11/30/2017,57.41
11/29/2017,57.73
11/28/2017,57.86
11/27/2017,58.95
11/24/2017,58.05
11/22/2017,57.12
11/21/2017,
11/20/2017,56.69
11/17/2017,55.25
11/16/2017,55.3
11/15/2017,55.06
11/14/2017,56.72
11/13/2017,56.9
11/10/2017,57.02
11/9/2017,56.85
11/8/2017,56.96
11/7/2017,57.27
11/6/2017,55.97
11/3/2017,54.73
11/2/2017,54.28
11/1/2017,54.65
10/31/2017,54.08
10/30/2017,54.16
10/27/2017,52.8
10/26/2017,52.19
10/25/2017,52.56
10/24/2017,51.89
10/23/2017,52.07
10/20/2017,51.42
10/19/2017,52.05
10/18/2017,51.94
10/17/2017,51.93
10/16/2017,51.43
10/13/2017,50.73
10/12/2017,51.0
10/11/2017,50.94
10/10/2017,49.55
10/9/2017,49.25
10/6/2017,50.75
10/5/2017,49.88
10/4/2017,50.16
10/3/2017,50.59
10/2/2017,51.64
9/29/2017,51.58
9/28/2017,52.05
9/27/2017,52.09
9/26/2017,52.12
9/25/2017,50.68
9/22/2017,50.73
9/21/2017,
9/20/2017,49.84
9/19/2017,49.91
9/18/2017,49.85
9/15/2017,49.72
9/14/2017,49.31
9/13/2017,48.34
9/12/2017,48.12
9/11/2017,47.58
9/8/2017,49.07
9/7/2017,49.14
9/6/2017,48.59
9/5/2017,47.28
9/1/2017,47.08
8/31/2017,45.95
8/30/2017,46.31
8/29/2017,46.86
8/28/2017,47.89
8/25/2017,47.62
8/24/2017,48.36
8/23/2017,
8/22/2017,47.45
8/21/2017,48.72
8/18/2017,46.93
8/17/2017,46.8
8/16/2017,47.72
8/15/2017,47.49
8/14/2017,48.79
8/11/2017,48.52
8/10/2017,49.68
8/9/2017,49.0
8/8/2017,49.31
8/7/2017,49.59
8/4/2017,48.95
8/3/2017,49.59
8/2/2017,48.8
8/1/2017,50.21
7/31/2017,49.85
7/28/2017,49.17
7/27/2017,48.7
7/26/2017,48.51
7/25/2017,46.46
7/24/2017,45.62
7/21/2017,
7/20/2017,47.09
7/19/2017,46.25
7/18/2017,45.99
7/17/2017,46.68
7/14/2017,46.08
7/13/2017,45.44
7/12/2017,45.74
7/11/2017,44.58
7/10/2017,44.35
7/7/2017,45.35
7/6/2017,45.65
7/5/2017,47.04
7/3/2017,46.28
6/30/2017,44.89
6/29/2017,44.89
6/28/2017,43.7
6/27/2017,43.49
6/26/2017,43.16
6/23/2017,42.8
6/22/2017,42.55
6/21/2017,
6/20/2017,44.11
6/19/2017,44.68
6/16/2017,44.25
6/15/2017,44.69
6/14/2017,45.94
6/13/2017,46.01
6/12/2017,45.8
6/9/2017,45.71
6/8/2017,45.85
6/7/2017,47.98
6/6/2017,47.4
6/5/2017,47.71
6/2/2017,48.04
6/1/2017,48.63
5/31/2017,49.65
5/30/2017,49.93
5/26/2017,48.75
5/25/2017,51.25
5/24/2017,51.44
5/23/2017,
5/22/2017,50.6
5/19/2017,49.28
5/18/2017,48.93
5/17/2017,48.23
5/16/2017,48.82
5/15/2017,47.85
5/12/2017,47.81
5/11/2017,47.39
5/10/2017,46.18
5/9/2017,46.49
5/8/2017,46.35
5/5/2017,45.51
5/4/2017,47.6
5/3/2017,48.12
5/2/2017,48.78
5/1/2017,49.17
4/28/2017,49.27
4/27/2017,49.22
4/26/2017,49.36
4/25/2017,49.22
4/24/2017,49.68
4/21/2017,
4/20/2017,50.63
4/19/2017,52.36
4/18/2017,52.75
4/17/2017,52.97
4/13/2017,52.85
4/12/2017,53.4
4/11/2017,53.13
4/10/2017,52.31
4/7/2017,51.7
4/6/2017,50.8
4/5/2017,51.18
4/4/2017,50.24
4/3/2017,50.69
3/31/2017,50.25
3/30/2017,49.6
3/29/2017,48.56
3/28/2017,47.85
3/27/2017,48.16
3/24/2017,47.79
3/23/2017,48.25
3/22/2017,48.11
3/21/2017,
3/20/2017,48.54
3/17/2017,48.82
3/16/2017,49.1
3/15/2017,48.51
3/14/2017,48.37
3/13/2017,48.4
3/10/2017,49.54
3/9/2017,50.49
3/8/2017,52.82
3/7/2017,53.18
3/6/2017,53.28
3/3/2017,52.69
3/2/2017,53.72
3/1/2017,53.94
2/28/2017,54.14
2/27/2017,54.03
2/24/2017,54.34
2/23/2017,53.98
2/22/2017,54.37
2/21/2017,53.98
2/20/2017,53.92
2/17/2017,53.47
2/16/2017,53.03
2/15/2017,53.02
2/14/2017,53.04
2/13/2017,53.77
2/10/2017,53.07
2/9/2017,52.53
2/8/2017,51.49
2/7/2017,53.13
2/6/2017,53.86
2/3/2017,53.86
2/2/2017,53.54
2/1/2017,52.78
1/31/2017,52.66
1/30/2017,52.95
1/27/2017,53.72
1/26/2017,53.02
1/25/2017,53.0
1/24/2017,52.93
1/23/2017,53.28
1/20/2017,52.31
1/19/2017,51.49
1/18/2017,52.48
1/17/2017,52.52
1/16/2017,52.52
1/13/2017,52.99
1/12/2017,52.28
1/11/2017,51.0
1/10/2017,52.0
1/9/2017,53.77
1/6/2017,53.69
1/5/2017,53.23
1/4/2017,52.62
1/3/2017,53.95
12/30/2016,53.96
12/29/2016,53.64
12/28/2016,53.81
12/27/2016,53.15
12/23/2016,52.68
12/22/2016,52.58
12/21/2016,53.53
12/20/2016,53.07
12/19/2016,52.06
12/16/2016,51.08
12/15/2016,50.87
12/14/2016,52.29
12/13/2016,52.72
12/12/2016,54.42
12/9/2016,51.21
12/8/2016,49.82
12/7/2016,50.62
12/6/2016,51.44
12/5/2016,51.59
12/2/2016,50.85
12/1/2016,49.64
11/30/2016,45.95
11/29/2016,46.66
11/28/2016,45.41
11/25/2016,47.61
11/24/2016,47.87
11/23/2016,48.17
11/22/2016,48.37
11/21/2016,46.39
11/18/2016,44.66
11/17/2016,45.42
11/16/2016,45.62
11/15/2016,44.31
11/14/2016,43.4
11/11/2016,44.42
11/10/2016,45.45
11/9/2016,44.33
11/8/2016,44.94
11/7/2016,44.71
11/4/2016,44.46
11/3/2016,45.5
11/2/2016,46.12
11/1/2016,47.17
10/31/2016,48.65
10/28/2016,49.63
10/27/2016,49.15
10/26/2016,49.37
10/25/2016,50.67
10/24/2016,50.81
10/21/2016,50.5
10/20/2016,51.07
10/19/2016,50.88
10/18/2016,50.28
10/17/2016,49.99
10/14/2016,51.08
10/13/2016,49.74
10/12/2016,51.1
10/11/2016,51.38
10/10/2016,49.56
10/7/2016,50.72
10/6/2016,49.57
10/5/2016,49.24
10/4/2016,48.42
9/30/2016,47.36
9/29/2016,46.92
9/28/2016,44.79
9/27/2016,45.67
9/26/2016,44.61
9/23/2016,45.84
9/22/2016,45.82
9/21/2016,44.95
9/20/2016,43.08
9/19/2016,43.8
9/16/2016,43.52
9/15/2016,43.69
9/14/2016,45.14
9/13/2016,45.61
9/12/2016,45.01
9/9/2016,47.14
9/8/2016,46.47
9/7/2016,45.3
9/6/2016,45.3
9/5/2016,44.55
9/2/2016,43.27
9/1/2016,45.0
8/31/2016,46.24
8/30/2016,47.38
8/29/2016,46.81
8/26/2016,47.29
8/25/2016,46.88
8/24/2016,47.17
8/23/2016,46.96
8/22/2016,47.65
8/19/2016,48.69
8/18/2016,47.12
8/17/2016,46.39
8/16/2016,45.45
8/15/2016,44.84
8/12/2016,43.74
8/11/2016,41.6
8/10/2016,42.44
8/9/2016,42.6
8/8/2016,41.99
8/5/2016,41.81
8/4/2016,40.93
8/3/2016,39.47
8/2/2016,40.25
8/1/2016,41.56
7/29/2016,40.9
7/28/2016,41.94
7/27/2016,42.68
7/26/2016,43.24
7/25/2016,44.11
7/22/2016,44.33
7/21/2016,45.99
7/20/2016,44.52
7/19/2016,45.17
7/18/2016,45.86
7/15/2016,45.24
7/14/2016,45.33
7/13/2016,46.1
7/12/2016,44.93
7/11/2016,45.06
7/8/2016,45.45
7/7/2016,47.7
7/6/2016,46.66
7/5/2016,48.2
7/4/2016,49.25
7/1/2016,48.51
6/30/2016,49.42
6/29/2016,48.32
6/28/2016,47.21
6/27/2016,47.94
6/24/2016,47.66
6/23/2016,49.33
6/22/2016,50.39
6/21/2016,48.95
6/20/2016,48.49
6/17/2016,46.62
6/16/2016,47.47
6/15/2016,48.06
6/14/2016,48.4
6/13/2016,48.46
6/10/2016,49.96
6/9/2016,51.49
6/8/2016,50.38
6/7/2016,49.7
6/6/2016,49.01
6/3/2016,49.25
6/2/2016,48.94
6/1/2016,48.63
5/31/2016,49.48
5/30/2016,49.21
5/27/2016,49.1
5/26/2016,49.99
5/25/2016,49.25
5/24/2016,47.82
5/23/2016,47.81
5/20/2016,48.43
5/19/2016,47.65
5/18/2016,48.33
5/17/2016,48.26
5/13/2016,46.11
5/12/2016,46.23
5/11/2016,44.24
5/10/2016,43.88
5/9/2016,45.41
5/6/2016,43.9
5/5/2016,45.1
5/4/2016,43.89
5/3/2016,45.31
5/2/2016,45.48
4/29/2016,46.22
4/28/2016,45.05
4/27/2016,44.57
4/26/2016,42.91
4/25/2016,43.37
4/22/2016,43.79
4/21/2016,44.03
4/20/2016,40.14
4/19/2016,40.41
4/18/2016,38.32
4/15/2016,41.51
4/14/2016,40.92
4/13/2016,41.33
4/12/2016,40.22
4/11/2016,39.5
4/8/2016,38.14
4/7/2016,38.17
4/6/2016,36.79
4/5/2016,35.36
4/4/2016,
4/1/2016,
3/23/2016,39.2
3/21/2016,40.67
3/18/2016,41.61
3/17/2016,40.49
3/16/2016,38.64
3/15/2016,38.36
3/14/2016,39.73
3/11/2016,40.27
3/10/2016,39.87
3/9/2016,36.74
3/8/2016,37.49
3/7/2016,36.59
3/4/2016,34.8
3/3/2016,34.62
3/2/2016,34.22
3/1/2016,34.13
2/29/2016,32.71
2/26/2016,33.02
2/25/2016,31.94
2/24/2016,31.2
2/23/2016,32.9
2/22/2016,32.37
2/19/2016,32.75
2/18/2016,33.31
2/17/2016,31.04
2/16/2016,33.21
2/15/2016,31.7
2/12/2016,30.22
2/11/2016,29.57
2/10/2016,30.28
2/9/2016,29.94
2/8/2016,31.14
2/5/2016,31.73
2/4/2016,32.87
2/3/2016,29.79
2/2/2016,31.08
2/1/2016,32.93
1/29/2016,33.85
1/28/2016,31.81
1/27/2016,30.94
1/26/2016,29.49
1/25/2016,32.47
1/22/2016,30.83
1/21/2016,28.14
1/20/2016,28.75
1/19/2016,30.58
1/18/2016,29.84
1/15/2016,31.24
1/14/2016,31.73
1/13/2016,31.84
1/12/2016,31.68
1/11/2016,33.42
1/8/2016,35.21
1/7/2016,32.73
1/6/2016,36.04
1/5/2016,36.86
1/4/2016,37.64
12/31/2015,36.68
12/30/2015,37.2
12/29/2015,36.95
12/28/2015,37.71
12/25/2015,38.11
12/24/2015,37.71
12/23/2015,36.47
12/22/2015,36.06
12/21/2015,35.73
12/18/2015,36.16
12/17/2015,36.72
12/16/2015,38.2
12/15/2015,37.49
12/14/2015,37.1
12/11/2015,38.33
12/10/2015,39.03
12/9/2015,38.28
12/8/2015,37.7
12/7/2015,39.62
12/4/2015,41.2
12/3/2015,40.46
12/2/2015,41.54
12/1/2015,41.96
11/30/2015,41.63
11/27/2015,42.38
11/26/2015,43.07
11/25/2015,42.99
11/24/2015,42.08
11/23/2015,40.75
11/20/2015,41.91
11/19/2015,42.26
11/18/2015,42.04
11/17/2015,42.77
11/16/2015,42.18
11/13/2015,42.96
11/12/2015,44.39
11/11/2015,44.99
11/10/2015,44.11
11/9/2015,44.63
11/6/2015,45.55
11/5/2015,46.37
11/4/2015,47.85
11/3/2015,46.22
11/2/2015,46.39
10/30/2015,45.73
10/29/2015,45.56
10/28/2015,43.24
10/27/2015,43.5
10/26/2015,44.63
10/23/2015,45.57
10/22/2015,45.43
10/21/2015,45.97
10/20/2015,46.43
10/19/2015,47.39
10/16/2015,47.56
10/15/2015,47.0
10/14/2015,47.32
10/13/2015,47.92
10/12/2015,50.46
10/9/2015,50.96
10/8/2015,47.9
10/7/2015,49.55
10/6/2015,46.35
10/5/2015,45.81
10/2/2015,45.33
10/1/2015,45.74
9/30/2015,44.88
9/29/2015,44.44
9/28/2015,45.22
9/25/2015,45.35
9/24/2015,44.79
9/23/2015,46.19
9/22/2015,46.33
9/21/2015,45.6
9/18/2015,46.99
9/17/2015,47.56
9/16/2015,45.32
9/15/2015,44.59
9/14/2015,45.03
9/11/2015,46.19
9/10/2015,43.99
9/9/2015,46.02
9/8/2015,44.33
9/7/2015,45.68
9/4/2015,46.22
9/3/2015,46.05
9/2/2015,44.33
9/1/2015,47.73
8/31/2015,44.61
8/28/2015,43.32
8/27/2015,39.47
8/26/2015,39.61
8/25/2015,38.82
8/24/2015,39.39
8/21/2015,40.79
8/20/2015,41.04
8/19/2015,42.78
8/18/2015,42.29
8/17/2015,42.57
8/14/2015,42.84
8/13/2015,44.27
8/12/2015,43.74
8/11/2015,45.32
8/10/2015,43.59
8/7/2015,44.86
8/6/2015,45.17
8/5/2015,46.11
8/4/2015,45.57
8/3/2015,46.64
7/31/2015,48.18
7/30/2015,48.76
7/29/2015,47.85
7/28/2015,47.21
7/27/2015,47.95
7/24/2015,48.76
7/23/2015,49.26
7/22/2015,50.14
7/21/2015,50.22
7/20/2015,51.12
7/17/2015,51.28
7/16/2015,52.15
7/15/2015,53.59
7/14/2015,51.75
7/13/2015,52.2
7/10/2015,53.82
7/9/2015,52.54
7/8/2015,51.85
7/7/2015,52.86
7/6/2015,54.73
7/3/2015,56.64
7/2/2015,57.08
7/1/2015,58.63
6/30/2015,58.24
6/29/2015,58.66
6/26/2015,59.78
6/25/2015,60.18
6/24/2015,61.01
6/23/2015,60.35
6/22/2015,60.02
6/19/2015,60.67
6/18/2015,60.03
6/17/2015,60.51
6/16/2015,60.65
6/15/2015,60.21
6/12/2015,60.75
6/11/2015,61.61
6/10/2015,61.09
6/9/2015,58.46
6/8/2015,58.68
6/5/2015,58.01
6/4/2015,59.59
6/3/2015,60.85
6/2/2015,60.19
6/1/2015,59.81
5/29/2015,58.22
5/28/2015,57.76
5/27/2015,58.6
5/26/2015,59.88
5/25/2015,59.73
5/22/2015,60.59
5/21/2015,59.18
5/20/2015,58.38
5/19/2015,60.28
5/18/2015,60.72
5/15/2015,60.65
5/14/2015,61.34
5/13/2015,62.27
5/12/2015,60.16
5/11/2015,60.3
5/8/2015,59.58
5/7/2015,60.64
5/6/2015,61.4
5/5/2015,58.9
5/4/2015,59.13
5/1/2015,59.73
4/30/2015,58.55
4/29/2015,56.93
4/28/2015,56.25
4/27/2015,57.05
4/24/2015,57.44
4/23/2015,56.26
4/22/2015,55.75
4/21/2015,57.65
4/20/2015,58.07
4/17/2015,57.63
4/16/2015,57.61
4/15/2015,55.24
4/14/2015,54.17
4/13/2015,53.53
4/10/2015,52.42
4/9/2015,50.97
4/8/2015,52.92
4/7/2015,51.85
4/3/2015,49.52
4/2/2015,49.67
4/1/2015,47.33
3/31/2015,47.94
3/30/2015,48.15
3/27/2015,50.65
3/26/2015,51.08
3/25/2015,47.23
3/24/2015,46.8
3/23/2015,45.85
3/20/2015,45.41
3/19/2015,45.79
3/18/2015,44.5
3/17/2015,46.12
3/16/2015,46.66
3/13/2015,49.36
3/12/2015,50.31
3/11/2015,50.69
3/10/2015,50.03
3/9/2015,49.57
3/6/2015,50.9
3/5/2015,51.83
3/4/2015,50.51
3/3/2015,49.93
3/2/2015,49.39
2/27/2015,49.01
2/26/2015,50.86
2/25/2015,49.28
2/24/2015,49.04
2/23/2015,50.65
2/20/2015,52.24
2/19/2015,51.29
2/18/2015,54.01
2/17/2015,54.05
2/16/2015,53.61
2/13/2015,52.97
2/12/2015,50.63
2/11/2015,51.2
2/10/2015,52.96
2/9/2015,52.07
2/6/2015,51.84
2/5/2015,47.74
2/4/2015,52.4
2/3/2015,49.98
2/2/2015,47.07
1/30/2015,44.51
1/29/2015,44.47
1/28/2015,45.57
1/27/2015,45.0
1/26/2015,44.89
1/23/2015,47.09
1/22/2015,47.52
1/21/2015,46.79
1/20/2015,47.79
1/16/2015,47.03
1/15/2015,48.42
1/14/2015,45.79
1/13/2015,45.56
1/12/2015,48.04
1/9/2015,49.57
1/8/2015,49.35
1/7/2015,47.23
1/6/2015,49.87
1/5/2015,51.57
1/2/2015,53.82
12/31/2014,53.56
12/30/2014,53.13
12/29/2014,55.29
12/25/2014,55.89
12/24/2014,56.76
12/23/2014,55.58
12/22/2014,58.01
12/19/2014,54.83
12/18/2014,56.75
12/17/2014,55.83
12/16/2014,55.97
12/15/2014,58.44
12/12/2014,59.52
12/11/2014,61.44
12/10/2014,63.07
12/9/2014,62.7
12/8/2014,65.2
12/5/2014,66.47
12/4/2014,67.92
12/3/2014,67.24
12/2/2014,68.46
12/1/2014,64.69
11/28/2014,68.0
11/27/2014,72.82
11/26/2014,74.08
11/25/2014,75.81
11/24/2014,76.67
11/21/2014,76.28
11/20/2014,74.66
11/19/2014,74.32
11/18/2014,75.26
11/17/2014,75.18
11/14/2014,73.65
11/13/2014,77.02
11/12/2014,77.22
11/11/2014,77.12
11/10/2014,78.98
11/7/2014,77.66
11/6/2014,78.8
11/5/2014,76.78
11/4/2014,78.26
11/3/2014,80.12
10/31/2014,81.22
10/30/2014,81.84
10/29/2014,81.87
10/28/2014,80.84
10/27/2014,81.03
10/24/2014,81.67
10/23/2014,80.69
10/22/2014,82.56
10/21/2014,81.91
10/20/2014,82.46
10/17/2014,82.26
10/16/2014,79.89
10/15/2014,81.28
10/14/2014,84.3
10/13/2014,83.97
10/10/2014,83.21
10/9/2014,87.63
10/8/2014,87.85
10/7/2014,90.29
10/6/2014,89.61
10/3/2014,91.54
10/2/2014,90.63
10/1/2014,91.55
9/30/2014,94.59
9/29/2014,92.96
9/26/2014,92.49
9/25/2014,92.74
9/24/2014,91.74
9/23/2014,91.28
9/22/2014,91.32
9/19/2014,91.86
9/18/2014,92.67
9/17/2014,93.64
9/16/2014,91.84
9/15/2014,90.44
9/12/2014,91.28
9/11/2014,90.94
9/10/2014,92.13
9/9/2014,92.33
9/8/2014,92.62
9/5/2014,93.42
9/4/2014,95.2
9/3/2014,93.19
9/2/2014,95.81
9/1/2014,
8/29/2014,95.86
8/28/2014,93.78
8/27/2014,93.85
8/26/2014,93.52
8/25/2014,93.45
8/22/2014,93.61
8/21/2014,93.43
8/20/2014,92.9
8/19/2014,93.88
8/18/2014,94.85
8/15/2014,95.01
8/14/2014,96.45
8/13/2014,96.29
8/12/2014,97.05
8/11/2014,97.03
8/8/2014,96.72
8/7/2014,96.43
8/6/2014,96.87
8/5/2014,98.35
8/4/2014,97.93
8/1/2014,97.47
7/31/2014,99.52
7/30/2014,100.97
7/29/2014,101.51
7/28/2014,101.69
7/25/2014,101.99
7/24/2014,103.08
7/23/2014,102.13
7/22/2014,102.8
7/21/2014,101.82
7/18/2014,101.8
7/17/2014,100.88
7/16/2014,99.85
7/15/2014,100.52
7/14/2014,100.29
7/11/2014,100.22
7/10/2014,101.43
7/9/2014,102.84
7/8/2014,102.95
7/7/2014,103.9
7/4/2014,103.77
7/3/2014,104.02
7/2/2014,105.43
7/1/2014,105.57
6/30/2014,105.47
6/27/2014,105.76
6/26/2014,106.63
6/25/2014,106.7
6/24/2014,105.66
6/23/2014,107.1
6/20/2014,106.65
6/19/2014,105.91
6/18/2014,106.19
6/17/2014,106.17
6/16/2014,106.67
6/13/2014,106.1
6/12/2014,103.8
6/11/2014,103.53
6/10/2014,103.85
6/9/2014,102.04
6/6/2014,102.11
6/5/2014,102.35
6/4/2014,102.8
6/3/2014,102.49
6/2/2014,103.08
5/30/2014,102.8
5/29/2014,102.95
5/28/2014,104.24
5/27/2014,104.31
5/26/2014,104.1
5/23/2014,104.37
5/22/2014,103.94
5/21/2014,102.83
5/20/2014,102.15
5/19/2014,101.61
5/16/2014,101.61
5/15/2014,101.47
5/14/2014,101.28
5/13/2014,99.9
5/12/2014,99.42
5/9/2014,99.42
5/8/2014,100.03
5/7/2014,99.22
5/6/2014,98.67
5/5/2014,99.86
5/2/2014,99.78
5/1/2014,99.7
4/30/2014,100.53
4/29/2014,100.88
4/28/2014,100.88
4/25/2014,100.63
4/24/2014,101.72
4/23/2014,101.84
4/22/2014,103.58
4/21/2014,103.11
4/18/2014,103.69
4/17/2014,103.33
4/16/2014,103.01
4/15/2014,102.62
4/14/2014,103.18
4/11/2014,102.34
4/10/2014,102.36
4/9/2014,101.55
4/8/2014,100.22
4/7/2014,100.18
4/4/2014,101.17
4/3/2014,99.29
4/2/2014,99.37
4/1/2014,101.44
3/31/2014,
3/28/2014,101.52
3/27/2014,100.34
3/26/2014,99.37
3/25/2014,99.37
3/24/2014,99.27
3/21/2014,99.6
3/20/2014,99.26
3/19/2014,98.43
3/18/2014,97.37
3/17/2014,98.67
3/14/2014,98.59
3/13/2014,97.8
3/12/2014,99.0
3/11/2014,100.62
3/10/2014,101.86
3/7/2014,101.96
3/6/2014,100.61
3/5/2014,103.5
3/4/2014,104.86
3/3/2014,103.81
2/28/2014,102.42
2/27/2014,102.34
2/26/2014,101.86
2/25/2014,102.5
2/24/2014,102.49
2/21/2014,102.17
2/20/2014,102.61
2/19/2014,102.16
2/18/2014,100.51
2/17/2014,100.35
2/14/2014,100.11
2/13/2014,99.71
2/12/2014,99.71
2/11/2014,99.4
2/10/2014,99.59
2/7/2014,99.41
2/6/2014,96.85
2/5/2014,96.81
2/4/2014,96.6
2/3/2014,96.94
1/31/2014,97.53
1/30/2014,97.62
1/29/2014,97.12
1/28/2014,95.83
1/27/2014,96.84
1/24/2014,96.9
1/23/2014,96.57
1/22/2014,95.23
1/21/2014,94.07
1/20/2014,94.11
1/17/2014,94.29
1/16/2014,94.42
1/15/2014,92.76
1/14/2014,92.04
1/13/2014,92.96
1/10/2014,93.0
1/9/2014,92.82
1/8/2014,94.19
1/7/2014,93.8
1/6/2014,94.35
1/3/2014,94.24
1/2/2014,98.7
1/1/2014,98.7
12/31/2013,99.34
12/30/2013,100.26
12/27/2013,100.17
12/26/2013,99.2
12/25/2013,99.17
12/24/2013,98.66
12/23/2013,99.28
12/20/2013,99.14
12/19/2013,97.97
12/18/2013,97.56
12/17/2013,97.57
12/16/2013,96.94
12/13/2013,96.8
12/12/2013,97.67
12/11/2013,98.71
12/10/2013,97.63
12/9/2013,98.01
12/6/2013,97.85
12/5/2013,97.43
12/4/2013,97.24
12/3/2013,94.12
12/2/2013,93.11
11/29/2013,92.79
11/28/2013,92.26
11/27/2013,93.48
11/26/2013,94.33
11/25/2013,93.92
11/22/2013,94.86
11/21/2013,93.62
11/20/2013,94.24
11/19/2013,93.71
11/18/2013,94.23
11/15/2013,94.36
11/14/2013,94.31
11/13/2013,93.61
11/12/2013,95.27
11/11/2013,95.16
11/8/2013,94.78
11/7/2013,95.24
11/6/2013,94.08
11/5/2013,94.84
11/4/2013,94.65
11/1/2013,94.65
10/31/2013,96.64
10/30/2013,97.61
10/29/2013,98.39
10/28/2013,97.67
10/25/2013,98.0
10/24/2013,97.31
10/23/2013,98.25
10/22/2013,99.52
10/21/2013,101.15
10/18/2013,101.09
10/17/2013,102.43
10/16/2013,101.48
10/15/2013,102.42
10/14/2013,101.52
10/11/2013,101.9
10/10/2013,101.35
10/9/2013,103.44
10/8/2013,102.92
10/7/2013,103.49
10/4/2013,103.63
10/3/2013,103.66
10/2/2013,101.59
10/1/2013,102.27
9/30/2013,101.8
9/27/2013,102.83
9/26/2013,102.35
9/25/2013,103.31
9/24/2013,103.42
9/23/2013,104.67
9/20/2013,104.84
9/19/2013,107.64
9/18/2013,104.62
9/17/2013,105.48
9/16/2013,106.65
9/13/2013,107.73
9/12/2013,106.73
9/11/2013,106.23
9/10/2013,107.63
9/9/2013,108.95
9/6/2013,109.33
9/5/2013,107.48
9/4/2013,108.33
9/3/2013,106.84
9/2/2013,105.93
8/30/2013,107.68
8/29/2013,109.37
8/28/2013,109.72
8/27/2013,106.42
8/26/2013,107.05
8/23/2013,106.36
8/22/2013,103.65
8/21/2013,105.1
8/20/2013,106.84
8/19/2013,107.23
8/16/2013,107.35
8/15/2013,106.96
8/14/2013,106.05
8/13/2013,105.63
8/12/2013,105.0
8/9/2013,105.14
8/8/2013,103.95
8/7/2013,104.85
8/6/2013,105.78
8/5/2013,106.21
8/2/2013,106.74
8/1/2013,105.37
7/31/2013,103.12
7/30/2013,104.31
7/29/2013,104.57
7/26/2013,104.62
7/25/2013,105.07
7/24/2013,107.44
7/23/2013,107.01
7/22/2013,108.17
7/19/2013,108.09
7/18/2013,106.23
7/17/2013,105.51
7/16/2013,106.08
7/15/2013,105.34
7/12/2013,105.62
7/11/2013,105.73
7/10/2013,103.87
7/9/2013,102.88
7/8/2013,103.68
7/5/2013,103.11
7/4/2013,101.34
7/3/2013,101.65
7/2/2013,97.97
7/1/2013,96.22
6/28/2013,96.52
6/27/2013,95.38
6/26/2013,94.96
6/25/2013,94.82
6/24/2013,93.63
6/21/2013,94.0
6/20/2013,97.61
6/19/2013,98.65
6/18/2013,98.2
6/17/2013,97.83
6/14/2013,97.99
6/13/2013,95.78
6/12/2013,95.09
6/11/2013,96.06
6/10/2013,
6/7/2013,96.45
6/6/2013,94.04
6/5/2013,93.84
6/4/2013,93.13
6/3/2013,
5/31/2013,91.57
5/30/2013,93.14
5/29/2013,94.81
5/28/2013,93.88
5/27/2013,93.37
5/24/2013,93.87
5/23/2013,93.85
5/22/2013,95.76
5/21/2013,96.89
5/20/2013,96.24
5/17/2013,96.32
5/16/2013,94.29
5/15/2013,94.59
5/14/2013,95.73
5/13/2013,95.39
5/10/2013,96.06
5/9/2013,96.95
5/8/2013,95.8
5/7/2013,95.88
5/6/2013,96.71
5/3/2013,95.47
5/2/2013,90.86
5/1/2013,93.01
4/30/2013,94.34
4/29/2013,92.58
4/26/2013,92.9
4/25/2013,91.58
4/24/2013,89.52
4/23/2013,89.19
4/22/2013,88.6
4/19/2013,88.21
4/18/2013,85.94
4/17/2013,89.12
4/16/2013,86.85
4/15/2013,90.85
4/12/2013,91.41
4/11/2013,94.69
4/10/2013,94.25
4/9/2013,93.73
4/8/2013,93.15
4/5/2013,92.89
4/4/2013,94.54
4/3/2013,96.66
4/2/2013,96.89
4/1/2013,97.02
3/29/2013,97.23
3/28/2013,96.68
3/27/2013,96.23
3/26/2013,94.75
3/25/2013,94.09
3/22/2013,93.91
3/21/2013,93.43
3/20/2013,92.73
3/19/2013,94.24
3/18/2013,
3/16/2013,93.81
3/15/2013,93.95
3/14/2013,92.72
3/13/2013,93.17
3/12/2013,92.65
3/11/2013,92.16
3/8/2013,92.27
3/7/2013,90.87
3/6/2013,91.53
3/5/2013,90.36
3/4/2013,90.57
3/1/2013,90.87
2/28/2013,93.09
2/27/2013,92.85
2/26/2013,92.57
2/25/2013,93.03
2/22/2013,93.35
2/21/2013,94.61
2/20/2013,97.05
2/19/2013,96.17
2/18/2013,96.16
2/15/2013,96.46
2/14/2013,97.84
2/13/2013,98.16
2/12/2013,97.46
2/11/2013,96.24
2/8/2013,96.31
2/7/2013,
2/6/2013,97.14
2/5/2013,96.5
2/4/2013,97.64
2/1/2013,97.63
1/31/2013,97.92
1/30/2013,97.55
1/29/2013,96.65
1/28/2013,95.98
1/25/2013,96.0
1/24/2013,95.49
1/23/2013,96.59
1/22/2013,96.01
1/21/2013,95.74
1/18/2013,95.89
1/17/2013,94.54
1/16/2013,93.88
1/15/2013,94.48
1/14/2013,94.62
1/11/2013,94.15
1/10/2013,93.84
1/9/2013,93.57
1/8/2013,93.66
1/7/2013,93.11
1/4/2013,93.05
1/3/2013,92.63
1/2/2013,
12/28/2012,91.46
12/27/2012,90.82
12/26/2012,89.14
12/24/2012,88.86
12/21/2012,89.87
12/20/2012,89.6
12/19/2012,88.41
12/18/2012,87.53
12/17/2012,87.04
12/14/2012,86.22
12/13/2012,86.65
12/12/2012,85.84
12/11/2012,85.6
12/10/2012,85.95
12/7/2012,86.35
12/6/2012,87.66
12/5/2012,88.53
12/4/2012,88.9
12/3/2012,88.7
11/30/2012,87.7
11/29/2012,86.67
11/28/2012,87.2
11/27/2012,88.02
11/26/2012,88.14
11/23/2012,86.89
11/22/2012,87.68
11/21/2012,87.36
11/20/2012,88.99
11/19/2012,87.37
11/16/2012,85.8
11/15/2012,86.21
11/14/2012,85.26
11/13/2012,85.4
11/12/2012,86.23
11/9/2012,85.09
11/8/2012,84.82
11/7/2012,88.05
11/6/2012,85.69
11/5/2012,84.67
11/2/2012,86.9
11/1/2012,86.13
10/31/2012,85.65
10/30/2012,85.3
10/29/2012,86.13
10/26/2012,86.15
10/25/2012,85.75
10/24/2012,86.63
10/23/2012,89.21
10/22/2012,90.09
10/19/2012,92.21
10/18/2012,91.98
10/17/2012,92.46
10/16/2012,91.7
10/15/2012,91.61
10/12/2012,92.5
10/11/2012,91.28
10/10/2012,91.94
10/9/2012,89.93
10/8/2012,89.78
10/5/2012,91.53
10/4/2012,88.33
10/3/2012,91.7
10/2/2012,92.45
10/1/2012,92.11
9/28/2012,92.21
9/27/2012,90.29
9/26/2012,90.88
9/25/2012,92.08
9/24/2012,93.06
9/21/2012,92.94
9/20/2012,92.17
9/19/2012,95.55
9/18/2012,96.97
9/17/2012,99.1
9/14/2012,98.19
9/13/2012,96.95
9/12/2012,96.91
9/11/2012,96.23
9/10/2012,96.3
9/7/2012,94.78
9/6/2012,95.81
9/5/2012,95.36
9/4/2012,96.93
9/3/2012,96.34
8/31/2012,94.62
8/30/2012,94.99
8/29/2012,96.1
8/28/2012,95.7
8/27/2012,96.5
8/24/2012,95.95
8/23/2012,97.37
8/22/2012,96.89
8/21/2012,96.26
8/20/2012,96.15
8/17/2012,95.28
8/16/2012,94.45
8/15/2012,93.19
8/14/2012,92.62
8/13/2012,93.13
8/10/2012,93.54
8/9/2012,93.32
8/8/2012,93.27
8/7/2012,91.88
8/6/2012,91.36
8/3/2012,87.42
8/2/2012,88.74
8/1/2012,87.78
7/31/2012,89.63
7/30/2012,90.13
7/27/2012,89.18
7/26/2012,88.78
7/25/2012,88.05
7/24/2012,88.02
7/23/2012,91.41
7/20/2012,92.47
7/19/2012,89.91
7/18/2012,89.0
7/17/2012,88.12
7/16/2012,87.31
7/13/2012,85.68
7/12/2012,85.93
7/11/2012,84.26
7/10/2012,85.2
7/9/2012,84.3
7/6/2012,86.85
7/5/2012,86.79
7/4/2012,87.67
7/3/2012,83.43
7/2/2012,84.77
6/29/2012,78.34
6/28/2012,80.44
6/27/2012,79.33
6/26/2012,79.27
6/25/2012,80.5
6/22/2012,78.35
6/21/2012,80.78
6/20/2012,84.33
6/19/2012,83.19
6/18/2012,84.2
6/15/2012,84.33
6/14/2012,82.55
6/13/2012,83.12
6/12/2012,81.48
6/11/2012,84.91
6/8/2012,83.88
6/7/2012,85.43
6/6/2012,84.31
6/5/2012,84.4
6/4/2012,83.13
6/1/2012,86.44
5/31/2012,87.6
5/30/2012,90.76
5/29/2012,91.04
5/28/2012,90.98
5/25/2012,90.89
5/24/2012,90.32
5/23/2012,91.54
5/22/2012,93.11
5/21/2012,91.26
5/18/2012,92.68
5/17/2012,93.09
5/16/2012,93.39
5/15/2012,94.35
5/14/2012,95.85
5/11/2012,96.22
5/10/2012,96.5
5/9/2012,97.23
5/8/2012,98.03
5/7/2012,98.15
5/4/2012,102.55
5/3/2012,105.25
5/2/2012,105.85
5/1/2012,104.88
4/30/2012,104.81
4/27/2012,104.08
4/26/2012,104.05
4/25/2012,103.73
4/24/2012,103.09
4/23/2012,103.91
4/20/2012,102.99
4/19/2012,102.78
4/18/2012,104.34
4/17/2012,103.14
4/16/2012,102.51
4/13/2012,103.83
4/12/2012,102.64
4/11/2012,100.99
4/10/2012,102.4
4/9/2012,103.01
4/5/2012,102.08
4/4/2012,103.95
4/3/2012,104.98
4/2/2012,103.51
3/30/2012,103.35
3/29/2012,105.62
3/28/2012,106.88
3/27/2012,107.07
3/26/2012,106.89
3/23/2012,105.67
3/22/2012,106.98
3/21/2012,106.42
3/20/2012,
3/19/2012,107.26
3/16/2012,105.5
3/15/2012,105.7
3/14/2012,106.8
3/13/2012,106.63
3/12/2012,107.26
3/9/2012,106.65
3/8/2012,106.13
3/7/2012,104.88
3/6/2012,107.2
3/5/2012,106.59
3/2/2012,108.9
3/1/2012,107.02
2/29/2012,106.6
2/28/2012,107.91
2/27/2012,109.74
2/24/2012,108.53
2/23/2012,105.88
2/22/2012,105.97
2/21/2012,105.07
2/20/2012,104.71
2/17/2012,102.78
2/16/2012,101.8
2/15/2012,100.65
2/14/2012,100.71
2/13/2012,99.07
2/10/2012,99.64
2/9/2012,98.85
2/8/2012,98.72
2/7/2012,97.25
2/6/2012,97.7
2/3/2012,96.62
2/2/2012,97.49
2/1/2012,98.57
1/31/2012,99.21
1/30/2012,99.81
1/27/2012,99.66
1/26/2012,99.85
1/25/2012,99.25
1/24/2012,99.75
1/23/2012,98.4
1/20/2012,100.62
1/19/2012,101.49
1/18/2012,101.27
1/17/2012,99.65
1/16/2012,98.82
1/13/2012,99.31
1/12/2012,101.21
1/11/2012,102.0
1/10/2012,101.47
1/9/2012,102.0
1/6/2012,101.6
1/5/2012,103.29
1/4/2012,102.89
1/3/2012,100.24
12/30/2011,99.78
12/29/2011,99.49
12/28/2011,101.18
12/27/2011,99.75
12/23/2011,99.38
12/22/2011,98.99
12/21/2011,97.54
12/20/2011,94.7
12/19/2011,93.79
12/16/2011,93.95
12/15/2011,95.05
12/14/2011,99.88
12/13/2011,97.86
12/12/2011,99.49
12/9/2011,98.19
12/8/2011,100.94
12/7/2011,101.31
12/6/2011,100.55
12/5/2011,101.42
12/2/2011,100.06
12/1/2011,100.61
11/30/2011,99.62
11/29/2011,97.64
11/28/2011,97.52
11/25/2011,96.36
11/24/2011,95.94
11/23/2011,97.69
11/22/2011,96.94
11/21/2011,97.46
11/18/2011,98.5
11/17/2011,101.91
11/16/2011,99.34
11/15/2011,98.21
11/14/2011,99.45
11/11/2011,97.58
11/10/2011,95.64
11/9/2011,97.2
11/8/2011,95.74
11/7/2011,94.6
11/4/2011,94.01
11/3/2011,92.23
11/2/2011,91.14
11/1/2011,92.58
10/31/2011,94.3
10/28/2011,93.79
10/27/2011,91.1
10/26/2011,92.56
10/25/2011,91.51
10/24/2011,87.25
10/21/2011,86.38
10/20/2011,86.23
10/19/2011,88.3
10/18/2011,86.41
10/17/2011,87.25
10/14/2011,84.2
10/13/2011,84.89
10/12/2011,85.04
10/11/2011,85.31
10/10/2011,83.08
10/7/2011,82.26
10/6/2011,79.54
10/5/2011,77.89
10/4/2011,76.32
10/3/2011,78.8
9/30/2011,83.06
9/29/2011,80.0
9/28/2011,83.55
9/27/2011,81.0
9/26/2011,79.93
9/23/2011,80.79
9/22/2011,84.56
9/21/2011,86.55
9/20/2011,85.5
9/19/2011,87.68
9/16/2011,89.23
9/15/2011,88.93
9/14/2011,89.96
9/13/2011,88.77
9/12/2011,86.52
9/9/2011,88.57
9/8/2011,89.82
9/7/2011,86.4
9/6/2011,83.5
9/5/2011,86.3
9/2/2011,88.73
9/1/2011,88.77
8/31/2011,88.62
8/30/2011,87.62
8/29/2011,85.29
8/26/2011,85.11
8/25/2011,85.38
8/24/2011,85.66
8/23/2011,84.34
8/22/2011,82.39
8/19/2011,81.12
8/18/2011,87.32
8/17/2011,86.83
8/16/2011,87.5
8/15/2011,85.13
8/12/2011,85.32
8/11/2011,81.36
8/10/2011,81.45
8/9/2011,80.43
8/8/2011,86.1
8/5/2011,86.46
8/4/2011,92.41
8/3/2011,93.36
8/2/2011,95.34
8/1/2011,96.19
7/29/2011,97.18
7/28/2011,97.0
7/27/2011,99.12
7/26/2011,99.03
7/25/2011,99.61
7/22/2011,99.36
7/21/2011,98.49
7/20/2011,98.46
7/19/2011,96.41
7/18/2011,97.57
7/15/2011,95.9
7/14/2011,98.16
7/13/2011,96.95
7/12/2011,94.96
7/11/2011,96.36
7/8/2011,98.9
7/7/2011,97.17
7/6/2011,97.02
7/5/2011,95.05
7/4/2011,95.05
7/1/2011,94.99
6/30/2011,95.17
6/29/2011,93.0
6/28/2011,91.11
6/27/2011,91.21
6/24/2011,91.94
6/23/2011,94.27
6/22/2011,93.85
6/21/2011,94.12
6/20/2011,93.06
6/17/2011,95.19
6/16/2011,95.17
6/15/2011,99.49
6/14/2011,96.79
6/13/2011,98.85
6/10/2011,101.94
6/9/2011,101.07
6/8/2011,99.49
6/7/2011,98.77
6/6/2011,100.42
6/3/2011,100.71
6/2/2011,99.98
6/1/2011,103.07
5/31/2011,100.47
5/30/2011,100.64
5/27/2011,100.25
5/26/2011,101.15
5/25/2011,99.14
5/24/2011,97.05
5/23/2011,99.66
5/20/2011,99.32
5/19/2011,100.41
5/18/2011,98.1
5/17/2011,96.99
5/16/2011,99.25
5/13/2011,98.54
5/12/2011,99.06
5/11/2011,103.92
5/10/2011,101.91
5/9/2011,97.99
5/6/2011,99.51
5/5/2011,108.54
5/4/2011,110.93
5/3/2011,112.95
5/2/2011,113.9
4/29/2011,112.84
4/28/2011,113.45
4/27/2011,112.16
4/26/2011,
4/21/2011,111.6
4/20/2011,108.3
4/19/2011,107.72
4/18/2011,109.76
4/15/2011,108.68
4/14/2011,107.26
4/13/2011,105.85
4/12/2011,109.12
4/11/2011,113.07
4/8/2011,110.17
4/7/2011,108.55
4/6/2011,107.95
4/5/2011,108.14
4/4/2011,108.2
4/1/2011,107.51
3/31/2011,104.35
3/30/2011,104.45
3/29/2011,103.8
3/28/2011,105.38
3/25/2011,105.49
3/24/2011,105.46
3/23/2011,104.82
3/22/2011,103.05
3/21/2011,103.41
3/18/2011,102.81
3/17/2011,97.38
3/16/2011,97.81
3/15/2011,101.38
3/14/2011,100.35
3/11/2011,102.75
3/10/2011,104.74
3/9/2011,104.57
3/8/2011,105.2
3/7/2011,104.6
3/4/2011,101.92
3/3/2011,102.53
3/2/2011,100.33
3/1/2011,96.86
2/28/2011,98.52
2/25/2011,97.05
2/24/2011,99.08
2/23/2011,95.47
2/22/2011,97.3
2/21/2011,90.1
2/18/2011,89.07
2/17/2011,88.15
2/16/2011,84.49
2/15/2011,85.05
2/14/2011,85.48
2/11/2011,87.61
2/10/2011,86.84
2/9/2011,87.45
2/8/2011,87.45
2/7/2011,89.23
2/4/2011,90.85
2/3/2011,91.08
2/2/2011,90.78
2/1/2011,92.09
1/31/2011,89.62
1/28/2011,85.24
1/27/2011,87.62
1/26/2011,86.37
1/25/2011,87.59
1/24/2011,89.19
1/21/2011,89.47
1/20/2011,91.57
1/19/2011,92.3
1/18/2011,91.93
1/17/2011,91.55
1/14/2011,91.01
1/13/2011,92.06
1/12/2011,91.19
1/11/2011,89.38
1/10/2011,89.08
1/7/2011,88.21
1/6/2011,90.42
1/5/2011,89.27
1/4/2011,91.6
1/3/2011,91.33
12/31/2010,89.64
12/30/2010,91.19
12/29/2010,91.27
12/28/2010,91.12
12/27/2010,91.28
12/24/2010,91.39
12/23/2010,90.6
12/22/2010,90.02
12/21/2010,89.29
12/20/2010,88.75
12/17/2010,88.77
12/16/2010,89.18
12/15/2010,88.03
12/14/2010,88.52
12/13/2010,87.6
12/10/2010,88.42
12/9/2010,89.0
12/8/2010,88.29
12/7/2010,88.91
12/6/2010,89.45
12/3/2010,87.79
12/2/2010,86.8
12/1/2010,84.01
11/30/2010,85.75
11/29/2010,83.94
11/26/2010,84.1
11/25/2010,83.88
11/24/2010,81.44
11/23/2010,81.74
11/22/2010,82.22
11/19/2010,82.85
11/18/2010,81.48
11/17/2010,83.02
11/16/2010,84.48
11/15/2010,84.77
11/12/2010,87.62
11/11/2010,87.95
11/10/2010,86.56
11/9/2010,86.42
11/8/2010,87.13
11/5/2010,86.73
11/4/2010,85.05
11/3/2010,84.46
11/2/2010,83.36
11/1/2010,81.39
10/29/2010,82.01
10/28/2010,82.2
10/27/2010,82.56
10/26/2010,82.23
10/25/2010,82.1
10/22/2010,80.8
10/21/2010,82.63
10/20/2010,79.94
10/19/2010,83.72
10/18/2010,81.16
10/15/2010,82.59
10/14/2010,83.41
10/13/2010,81.81
10/12/2010,81.92
10/11/2010,83.08
10/8/2010,81.44
10/7/2010,83.32
10/6/2010,82.69
10/5/2010,81.39
10/4/2010,81.78
10/1/2010,79.9
9/30/2010,77.83
9/29/2010,76.36
9/28/2010,76.18
9/27/2010,76.52
9/24/2010,74.82
9/23/2010,74.81
9/22/2010,74.83
9/21/2010,76.0
9/20/2010,74.89
9/17/2010,74.56
9/16/2010,75.69
9/15/2010,76.44
9/14/2010,77.16
9/13/2010,76.57
9/10/2010,74.8
9/9/2010,75.05
9/8/2010,73.8
9/7/2010,74.01
9/6/2010,74.41
9/3/2010,74.84
9/2/2010,73.88
9/1/2010,71.81
8/31/2010,74.2
8/30/2010,75.47
8/27/2010,72.93
8/26/2010,72.76
8/25/2010,71.57
8/24/2010,72.79
8/23/2010,74.03
8/20/2010,74.73
8/19/2010,75.22
8/18/2010,75.65
8/17/2010,75.05
8/16/2010,75.59
8/13/2010,76.06
8/12/2010,77.51
8/11/2010,80.2
8/10/2010,81.53
8/9/2010,80.81
8/6/2010,82.05
8/5/2010,82.45
8/4/2010,82.25
8/3/2010,81.43
8/2/2010,78.87
7/30/2010,78.23
7/29/2010,77.0
7/28/2010,77.13
7/27/2010,78.96
7/26/2010,78.85
7/23/2010,79.2
7/22/2010,76.63
7/21/2010,77.65
7/20/2010,76.81
7/19/2010,75.61
7/16/2010,76.9
7/15/2010,76.6
7/14/2010,77.27
7/13/2010,75.1
7/12/2010,76.06
7/9/2010,75.81
7/8/2010,74.71
7/7/2010,72.21
7/6/2010,71.5
7/5/2010,72.15
7/2/2010,72.82
7/1/2010,75.12
6/30/2010,75.4
6/29/2010,78.15
6/28/2010,78.88
6/25/2010,76.47
6/24/2010,76.22
6/23/2010,77.44
6/22/2010,78.35
6/21/2010,78.18
6/18/2010,76.43
6/17/2010,77.21
6/16/2010,77.16
6/15/2010,74.83
6/14/2010,74.3
6/11/2010,75.51
6/10/2010,73.99
6/9/2010,72.36
6/8/2010,71.02
6/7/2010,70.6
6/4/2010,74.44
6/3/2010,73.65
6/2/2010,72.26
6/1/2010,74.88
5/31/2010,74.45
5/28/2010,74.76
5/27/2010,70.8
5/26/2010,70.0
5/25/2010,69.75
5/24/2010,70.61
5/21/2010,69.79
5/20/2010,72.89
5/19/2010,69.09
5/18/2010,70.68
5/17/2010,71.88
5/14/2010,73.89
5/13/2010,75.67
5/12/2010,75.93
5/11/2010,77.1
5/10/2010,76.31
5/7/2010,77.2
5/6/2010,80.09
5/5/2010,82.13
5/4/2010,85.98
5/3/2010,86.34
4/30/2010,85.48
4/29/2010,83.3
4/28/2010,81.92
4/27/2010,84.03
4/26/2010,85.17
4/23/2010,83.61
4/22/2010,83.44
4/21/2010,84.04
4/20/2010,83.61
4/19/2010,82.75
4/16/2010,85.24
4/15/2010,86.13
4/14/2010,83.84
4/13/2010,84.19
4/12/2010,85.21
4/9/2010,85.68
4/8/2010,85.64
4/7/2010,86.61
4/6/2010,86.59
4/5/2010,85.39
4/1/2010,83.5
3/31/2010,82.41
3/30/2010,82.25
3/29/2010,80.25
3/26/2010,80.3
3/25/2010,80.31
3/24/2010,81.48
3/23/2010,81.69
3/22/2010,80.61
3/19/2010,82.11
3/18/2010,82.74
3/17/2010,82.14
3/16/2010,79.78
3/15/2010,81.11
3/12/2010,82.27
3/11/2010,81.79
3/10/2010,81.17
3/9/2010,81.59
3/8/2010,81.84
3/5/2010,80.46
3/4/2010,80.82
3/3/2010,79.74
3/2/2010,78.82
3/1/2010,79.7
2/26/2010,78.26
2/25/2010,80.2
2/24/2010,79.07
2/23/2010,80.0
2/22/2010,80.55
2/19/2010,78.22
2/18/2010,77.0
2/17/2010,77.12
2/16/2010,74.1
2/15/2010,74.02
2/12/2010,75.03
2/11/2010,74.78
2/10/2010,73.52
2/9/2010,71.47
2/8/2010,72.07
2/5/2010,73.22
2/4/2010,76.86
2/3/2010,76.85
2/2/2010,74.96
2/1/2010,72.83
1/29/2010,73.7
1/28/2010,73.75
1/27/2010,74.68
1/26/2010,75.15
1/25/2010,73.68
1/22/2010,75.86
1/21/2010,77.72
1/20/2010,79.23
1/19/2010,78.43
1/18/2010,77.72
1/15/2010,79.05
1/14/2010,79.93
1/13/2010,80.05
1/12/2010,82.07
1/11/2010,83.1
1/8/2010,82.6
1/7/2010,83.25
1/6/2010,81.56
1/5/2010,81.66
1/4/2010,79.88
12/31/2009,79.54
12/30/2009,78.64
12/29/2009,78.68
12/28/2009,77.92
12/24/2009,76.86
12/23/2009,74.49
12/22/2009,73.73
12/21/2009,74.05
12/18/2009,73.03
12/17/2009,73.03
12/16/2009,70.81
12/15/2009,69.78
12/14/2009,69.64
12/11/2009,70.57
12/10/2009,70.98
12/9/2009,73.2
12/8/2009,74.25
12/7/2009,75.82
12/4/2009,75.62
12/3/2009,76.85
12/2/2009,78.16
12/1/2009,77.22
11/30/2009,76.37
11/27/2009,76.23
11/26/2009,77.56
11/25/2009,75.93
11/24/2009,77.41
11/23/2009,77.88
11/20/2009,78.33
11/19/2009,79.68
11/18/2009,79.65
11/17/2009,78.99
11/16/2009,76.6
11/13/2009,76.4
11/12/2009,79.48
11/11/2009,79.16
11/10/2009,79.33
11/9/2009,77.8
11/6/2009,79.92
11/5/2009,80.09
11/4/2009,79.31
11/3/2009,78.06
11/2/2009,76.8
10/30/2009,80.19
10/29/2009,77.17
10/28/2009,79.61
10/27/2009,78.61
10/26/2009,79.87
10/23/2009,81.37
10/22/2009,81.09
10/21/2009,78.8
10/20/2009,79.81
10/19/2009,78.6
10/16/2009,77.93
10/15/2009,75.77
10/14/2009,74.59
10/13/2009,73.04
10/12/2009,72.3
10/9/2009,71.34
10/8/2009,69.91
10/7/2009,71.31
10/6/2009,70.46
10/5/2009,69.75
10/2/2009,70.1
10/1/2009,70.38
9/30/2009,66.64
9/29/2009,67.29
9/28/2009,66.3
9/25/2009,65.85
9/24/2009,68.35
9/23/2009,71.64
9/22/2009,69.93
9/21/2009,71.83
9/18/2009,72.34
9/17/2009,72.28
9/16/2009,70.4
9/15/2009,69.12
9/14/2009,69.19
9/11/2009,71.85
9/10/2009,71.73
9/9/2009,71.17
9/8/2009,68.11
9/7/2009,67.83
9/4/2009,68.2
9/3/2009,68.37
9/2/2009,68.17
9/1/2009,69.76
8/31/2009,72.95
8/28/2009,72.59
8/27/2009,71.48
8/26/2009,71.61
8/25/2009,73.94
8/24/2009,73.84
8/21/2009,73.1
8/20/2009,73.9
8/19/2009,70.17
8/18/2009,66.86
8/17/2009,67.55
8/14/2009,71.11
8/13/2009,70.71
8/12/2009,69.54
8/11/2009,70.93
8/10/2009,70.38
8/7/2009,71.8
8/6/2009,71.58
8/5/2009,71.74
8/4/2009,71.16
8/3/2009,69.46
7/31/2009,66.53
7/30/2009,62.97
7/29/2009,66.63
7/28/2009,68.01
7/27/2009,68.08
7/24/2009,66.55
7/23/2009,65.07
7/22/2009,64.89
7/21/2009,65.35
7/20/2009,63.36
7/17/2009,61.95
7/16/2009,61.73
7/15/2009,59.8
7/14/2009,60.08
7/13/2009,59.95
7/10/2009,60.7
7/9/2009,60.33
7/8/2009,62.18
7/7/2009,64.27
7/6/2009,65.27
7/3/2009,66.35
7/2/2009,69.53
7/1/2009,70.6
6/30/2009,71.75
6/29/2009,68.92
6/26/2009,70.44
6/25/2009,68.48
6/24/2009,68.65
6/23/2009,67.4
6/22/2009,70.14
6/19/2009,71.42
6/18/2009,71.34
6/17/2009,69.96
6/16/2009,70.12
6/15/2009,72.3
6/12/2009,72.51
6/11/2009,71.55
6/10/2009,70.6
6/9/2009,68.89
6/8/2009,68.07
6/5/2009,68.85
6/4/2009,65.96
6/3/2009,68.14
6/2/2009,67.85
6/1/2009,66.46
5/29/2009,64.78
5/28/2009,62.88
5/27/2009,62.7
5/26/2009,61.2
5/25/2009,61.8
5/22/2009,61.2
5/21/2009,61.5
5/20/2009,60.1
5/19/2009,59.64
5/18/2009,56.44
5/15/2009,58.71
5/14/2009,57.89
5/13/2009,59.43
5/12/2009,58.37
5/11/2009,58.37
5/8/2009,56.87
5/7/2009,56.3
5/6/2009,54.12
5/5/2009,54.36
5/4/2009,52.99
5/1/2009,50.75
4/30/2009,50.59
4/29/2009,49.45
4/28/2009,49.96
4/27/2009,51.17
4/24/2009,49.55
4/23/2009,48.76
4/22/2009,48.6
4/21/2009,48.61
4/20/2009,50.33
4/17/2009,49.87
4/16/2009,49.76
4/15/2009,49.09
4/14/2009,49.9
4/13/2009,51.91
4/9/2009,50.99
4/8/2009,48.14
4/7/2009,51.23
4/6/2009,52.32
4/3/2009,52.16
4/2/2009,48.61
4/1/2009,48.59
3/31/2009,48.73
3/30/2009,51.9
3/27/2009,54.1
3/26/2009,53.0
3/25/2009,53.54
3/24/2009,53.71
3/23/2009,52.35
3/20/2009,
3/19/2009,49.13
3/18/2009,48.75
3/17/2009,47.26
3/16/2009,44.97
3/13/2009,46.64
3/12/2009,42.71
3/11/2009,45.91
3/10/2009,47.34
3/9/2009,46.14
3/6/2009,43.91
3/5/2009,45.49
3/4/2009,41.1
3/3/2009,39.5
3/2/2009,44.0
2/27/2009,44.52
2/26/2009,42.63
2/25/2009,39.92
2/24/2009,38.24
2/23/2009,39.75
2/20/2009,39.42
2/19/2009,34.69
2/18/2009,35.03
2/17/2009,36.81
2/16/2009,37.92
2/13/2009,34.52
2/12/2009,36.12
2/11/2009,38.0
2/10/2009,39.62
2/9/2009,40.0
2/6/2009,40.73
2/5/2009,40.26
2/4/2009,41.03
2/3/2009,40.54
2/2/2009,42.03
1/30/2009,41.54
1/29/2009,42.02
1/28/2009,42.21
1/27/2009,45.89
1/26/2009,46.3
1/23/2009,43.0
1/22/2009,43.87
1/21/2009,41.16
1/20/2009,40.77
1/19/2009,42.41
1/16/2009,35.5
1/15/2009,37.15
1/14/2009,38.85
1/13/2009,37.21
1/12/2009,40.33
1/9/2009,42.34
1/8/2009,42.66
1/7/2009,48.65
1/6/2009,48.42
1/5/2009,47.4
1/2/2009,42.66
12/31/2008,38.71
12/30/2008,40.2
12/29/2008,38.9
12/26/2008,35.96
12/24/2008,39.34
12/23/2008,39.52
12/22/2008,42.75
12/19/2008,42.16
12/18/2008,
12/17/2008,44.25
12/16/2008,44.68
12/15/2008,47.04
12/12/2008,47.03
12/11/2008,43.75
12/10/2008,42.72
12/9/2008,43.98
12/8/2008,41.9
12/5/2008,43.75
12/4/2008,46.68
12/3/2008,47.59
12/2/2008,48.63
12/1/2008,53.5
11/28/2008,53.82
11/27/2008,53.59
11/26/2008,51.08
11/25/2008,
11/21/2008,49.08
11/20/2008,53.45
11/19/2008,54.6
11/18/2008,55.07
11/17/2008,55.93
11/14/2008,58.85
11/13/2008,55.54
11/12/2008,58.92
11/11/2008,60.84
11/10/2008,62.17
11/7/2008,60.2
11/6/2008,64.98
11/5/2008,69.6
11/4/2008,63.68
11/3/2008,67.48
10/30/2008,67.92
10/29/2008,65.13
10/28/2008,62.7
10/27/2008,64.84
10/24/2008,69.39
10/23/2008,67.55
10/22/2008,71.2
10/21/2008,75.65
10/20/2008,72.49
10/17/2008,72.86
10/16/2008,73.36
10/15/2008,78.33
10/14/2008,82.5
10/13/2008,80.55
10/10/2008,84.55
10/9/2008,88.14
10/8/2008,89.21
10/7/2008,88.51
10/6/2008,91.9
10/3/2008,93.77
10/2/2008,99.54
10/1/2008,102.0
9/30/2008,96.19
9/29/2008,106.83
9/26/2008,107.6
9/25/2008,105.9
9/24/2008,106.88
9/23/2008,109.05
9/22/2008,102.76
9/19/2008,97.82
9/18/2008,97.81
9/17/2008,93.43
9/16/2008,93.65
9/15/2008,98.78
9/12/2008,101.3
9/11/2008,102.79
9/10/2008,103.01
9/9/2008,106.23
9/8/2008,108.02
9/5/2008,107.4
9/4/2008,109.56
9/3/2008,109.61
9/2/2008,111.07
9/1/2008,116.95
8/29/2008,116.3
8/28/2008,118.34
8/27/2008,116.12
8/26/2008,115.38
8/25/2008,114.18
8/22/2008,121.41
8/21/2008,115.93
8/20/2008,115.19
8/19/2008,112.78
8/18/2008,113.34
8/15/2008,114.57
8/14/2008,116.67
8/13/2008,113.32
8/12/2008,114.76
8/11/2008,115.56
8/8/2008,119.82
8/7/2008,118.73
8/6/2008,118.3
8/5/2008,120.7
8/4/2008,125.7
8/1/2008,123.51
7/31/2008,126.66
7/30/2008,121.92
7/29/2008,124.97
7/28/2008,123.29
7/25/2008,125.7
7/24/2008,124.35
7/23/2008,128.15
7/22/2008,131.46
7/21/2008,129.53
7/18/2008,130.0
7/17/2008,134.97
7/16/2008,138.57
7/15/2008,144.93
7/14/2008,144.79
7/11/2008,141.82
7/10/2008,136.7
7/9/2008,136.05
7/8/2008,141.14
7/7/2008,144.51
7/4/2008,145.45
7/3/2008,144.16
7/2/2008,141.65
7/1/2008,139.99
6/30/2008,140.82
6/27/2008,139.12
6/26/2008,134.55
6/25/2008,137.0
6/24/2008,137.17
6/23/2008,135.15
6/20/2008,
6/19/2008,136.23
6/18/2008,133.35
6/17/2008,133.9
6/16/2008,133.9
6/15/2008,134.49
6/13/2008,136.0
6/12/2008,136.0
6/11/2008,131.0
6/10/2008,134.0
6/9/2008,138.0
6/6/2008,128.0
6/5/2008,122.0
6/4/2008,124.0
6/3/2008,127.0
6/2/2008,127.5
5/30/2008,126.0
5/29/2008,130.0
5/28/2008,128.0
5/27/2008,133.0
5/26/2008,131.8
5/23/2008,130.0
5/22/2008,134.0
5/21/2008,128.0
5/20/2008,
5/19/2008,126.37
5/16/2008,124.0
5/15/2008,122.0
5/14/2008,125.39
5/13/2008,123.0
5/12/2008,125.7
5/9/2008,124.0
5/8/2008,123.0
5/7/2008,121.0
5/6/2008,119.0
5/5/2008,116.23
5/2/2008,112.0
5/1/2008,114.0
4/30/2008,115.0
4/29/2008,118.0
4/28/2008,119.0
4/25/2008,115.0
4/24/2008,118.0
4/23/2008,118.0
4/22/2008,
4/21/2008,116.66
4/18/2008,115.0
4/17/2008,114.0
4/16/2008,113.0
4/15/2008,112.0
4/14/2008,109.84
4/11/2008,110.0
4/10/2008,110.0
4/9/2008,108.0
4/8/2008,108.0
4/7/2008,106.13
4/4/2008,104.0
4/3/2008,104.0
4/2/2008,100.0
4/1/2008,101.0
3/31/2008,104.76
3/28/2008,107.0
3/27/2008,106.0
3/26/2008,101.54
3/25/2008,99.88
3/24/2008,101.0
3/20/2008,102.26
3/19/2008,
3/18/2008,106.0
3/17/2008,110.16
3/14/2008,109.85
3/13/2008,109.89
3/12/2008,108.45
3/11/2008,107.62
3/10/2008,105.32
3/7/2008,105.0
3/6/2008,104.0
3/5/2008,99.0
3/4/2008,102.0
3/3/2008,101.59
2/29/2008,102.0
2/28/2008,99.0
2/27/2008,101.0
2/26/2008,99.0
2/25/2008,99.08
2/22/2008,97.0
2/21/2008,99.0
2/20/2008,
2/19/2008,95.0
2/18/2008,95.0
2/15/2008,95.0
2/14/2008,93.34
2/13/2008,93.0
2/12/2008,93.0
2/11/2008,92.2
2/8/2008,88.0
2/7/2008,86.0
2/6/2008,88.0
2/5/2008,89.0
2/4/2008,88.52
2/1/2008,90.0
1/31/2008,91.0
1/30/2008,92.0
1/29/2008,91.0
1/28/2008,90.65
1/25/2008,89.0
1/24/2008,87.0
1/23/2008,89.0
1/22/2008,87.0
1/21/2008,90.0
1/18/2008,89.0
1/17/2008,91.0
1/16/2008,91.0
1/15/2008,94.0
1/14/2008,92.55
1/11/2008,94.0
1/10/2008,94.98
1/9/2008,96.0
1/8/2008,95.0
1/7/2008,97.9
1/4/2008,99.0
1/3/2008,99.0
1/2/2008,96.0
12/31/2007,96.0
12/28/2007,96.0
12/27/2007,95.0
12/26/2007,94.0
12/24/2007,93.0
12/21/2007,91.0
12/20/2007,91.0
12/19/2007,
12/17/2007,91.47
12/14/2007,92.0
12/13/2007,93.0
12/12/2007,89.0
12/11/2007,88.0
12/10/2007,87.96
12/7/2007,90.0
12/6/2007,86.0
12/5/2007,88.0
12/4/2007,89.0
12/3/2007,89.0
11/30/2007,91.0
11/29/2007,91.0
11/28/2007,94.0
11/27/2007,96.0
11/26/2007,98.33
11/23/2007,97.0
11/22/2007,97.36
11/21/2007,98.0
11/20/2007,94.0
11/19/2007,94.18
11/16/2007,
11/15/2007,93.0
11/14/2007,91.0
11/13/2007,94.0
11/12/2007,95.87
11/9/2007,96.0
11/8/2007,95.0
11/7/2007,97.0
11/6/2007,94.0
11/5/2007,95.41
11/2/2007,93.0
11/1/2007,95.0
10/31/2007,93.0
10/30/2007,93.0
10/29/2007,92.39
10/26/2007,90.0
10/25/2007,87.0
10/24/2007,85.0
10/23/2007,85.0
10/22/2007,86.61
10/19/2007,89.0
10/18/2007,87.0
10/17/2007,87.0
10/16/2007,86.0
10/15/2007,83.79
10/12/2007,82.0
10/11/2007,81.42
10/10/2007,80.0
10/9/2007,79.0
10/8/2007,80.0
10/5/2007,81.0
10/4/2007,79.0
10/3/2007,80.0
10/2/2007,80.0
10/1/2007,81.0
9/28/2007,83.0
9/27/2007,80.61
9/26/2007,79.0
9/25/2007,80.0
9/24/2007,81.14
9/21/2007,81.0
9/20/2007,80.0
9/19/2007,82.0
9/18/2007,80.0
9/17/2007,78.78
9/14/2007,79.0
9/13/2007,79.0
9/12/2007,78.0
9/11/2007,77.0
9/10/2007,76.0
9/7/2007,76.0
9/6/2007,75.0
9/5/2007,75.0
9/4/2007,74.0
9/3/2007,73.8
8/31/2007,73.0
8/30/2007,73.0
8/29/2007,71.0
8/28/2007,72.0
8/27/2007,70.0
8/24/2007,70.0
8/23/2007,69.0
8/22/2007,69.0
8/21/2007,70.91
8/20/2007,71.45
8/17/2007,71.56
8/16/2007,72.91
8/15/2007,72.78
8/14/2007,71.52
8/13/2007,71.55
8/10/2007,71.53
8/9/2007,72.13
8/8/2007,72.3
8/7/2007,72.07
8/6/2007,75.0
8/3/2007,76.87
8/2/2007,76.65
8/1/2007,78.01
7/31/2007,76.75
7/30/2007,76.62
7/27/2007,75.03
7/26/2007,76.23
7/25/2007,73.19
7/24/2007,74.79
7/23/2007,75.47
7/20/2007,76.09
7/19/2007,74.94
7/18/2007,74.09
7/17/2007,74.23
7/16/2007,73.9
7/13/2007,72.65
7/12/2007,72.68
7/11/2007,72.64
7/10/2007,72.15
7/9/2007,72.56
7/6/2007,71.85
7/5/2007,71.38
7/4/2007,71.28
7/3/2007,71.17
7/2/2007,70.61
6/29/2007,69.5
6/28/2007,69.07
6/27/2007,67.72
6/26/2007,69.08
6/25/2007,68.74
6/22/2007,68.5
6/21/2007,68.83
6/20/2007,69.3
6/19/2007,69.0
6/18/2007,68.19
6/15/2007,67.71
6/14/2007,65.97
6/13/2007,65.22
6/12/2007,65.8
6/11/2007,64.9
6/8/2007,66.73
6/7/2007,65.92
6/6/2007,65.68
6/5/2007,66.06
6/4/2007,64.9
6/1/2007,64.2
5/31/2007,63.35
5/30/2007,63.23
5/29/2007,64.67
5/28/2007,64.96
5/25/2007,64.41
5/24/2007,65.68
5/23/2007,65.54
5/22/2007,66.93
5/21/2007,64.6
5/18/2007,65.04
5/17/2007,62.62
5/16/2007,63.1
5/15/2007,62.51
5/14/2007,62.5
5/11/2007,61.87
5/10/2007,61.6
5/9/2007,62.24
5/8/2007,61.56
5/7/2007,61.8
5/4/2007,63.21
5/3/2007,63.63
5/2/2007,64.62
5/1/2007,65.41
4/30/2007,66.4
4/27/2007,65.39
4/26/2007,65.83
4/25/2007,64.63
4/24/2007,65.76
4/23/2007,64.09
4/20/2007,63.1
4/19/2007,64.31
4/18/2007,63.33
4/17/2007,63.62
4/16/2007,63.51
4/13/2007,64.07
4/12/2007,61.89
4/11/2007,62.6
4/10/2007,61.71
4/9/2007,63.8
4/5/2007,64.32
4/4/2007,64.64
4/3/2007,65.57
4/2/2007,65.81
3/30/2007,66.4
3/29/2007,63.86
3/28/2007,63.79
3/27/2007,62.81
3/26/2007,62.65
3/23/2007,61.89
3/22/2007,59.98
3/21/2007,59.68
3/20/2007,59.99
3/19/2007,59.5
3/16/2007,57.56
3/15/2007,58.36
3/14/2007,58.21
3/13/2007,59.07
3/12/2007,59.78
3/9/2007,61.54
3/8/2007,61.84
3/7/2007,60.76
3/6/2007,59.99
3/5/2007,61.3
3/2/2007,61.77
3/1/2007,61.78
2/28/2007,60.31
2/27/2007,61.39
2/26/2007,61.13
2/23/2007,60.86
2/22/2007,59.91
2/21/2007,58.63
2/20/2007,59.35
2/19/2007,59.62
2/16/2007,57.98
2/15/2007,58.2
2/14/2007,59.02
2/13/2007,57.82
2/12/2007,59.47
2/9/2007,60.2
2/8/2007,57.69
2/7/2007,59.13
2/6/2007,58.97
2/5/2007,59.3
2/2/2007,57.44
2/1/2007,57.93
1/31/2007,56.65
1/30/2007,54.01
1/29/2007,55.8
1/26/2007,54.4
1/25/2007,55.26
1/24/2007,54.81
1/23/2007,52.69
1/22/2007,53.67
1/19/2007,50.16
1/18/2007,52.43
1/17/2007,51.3
1/16/2007,52.74
1/15/2007,53.27
1/12/2007,52.19
1/11/2007,53.61
1/10/2007,55.48
1/9/2007,55.88
1/8/2007,56.41
1/5/2007,55.4
1/4/2007,58.32
1/3/2007,60.9
1/2/2007,60.86
12/29/2006,60.38
12/28/2006,60.35
12/27/2006,60.96
12/26/2006,62.58
12/22/2006,62.6
12/21/2006,63.43
12/20/2006,63.35
12/19/2006,62.85
12/18/2006,63.76
12/15/2006,62.52
12/14/2006,61.59
12/13/2006,60.93
12/12/2006,61.26
12/11/2006,62.01
12/8/2006,62.82
12/7/2006,62.36
12/6/2006,62.56
12/5/2006,62.62
12/4/2006,63.32
12/1/2006,62.63
11/30/2006,62.26
11/29/2006,61.12
11/28/2006,60.46
11/27/2006,59.47
11/24/2006,59.24
11/23/2006,59.34
11/22/2006,60.12
11/21/2006,59.05
11/20/2006,58.55
11/17/2006,58.42
11/16/2006,60.74
11/15/2006,58.48
11/14/2006,58.77
11/13/2006,59.37
11/10/2006,61.11
11/9/2006,59.97
11/8/2006,59.23
11/7/2006,60.05
11/6/2006,59.0
11/3/2006,57.85
11/2/2006,58.66
11/1/2006,58.62
10/31/2006,58.41
10/30/2006,60.94
10/27/2006,60.65
10/26/2006,61.61
10/25/2006,59.38
10/24/2006,58.6
10/23/2006,58.7
10/20/2006,60.95
10/19/2006,57.92
10/18/2006,59.09
10/17/2006,60.15
10/16/2006,58.9
10/13/2006,58.3
10/12/2006,57.49
10/11/2006,58.49
10/10/2006,59.8
10/9/2006,59.96
10/6/2006,59.96
10/5/2006,59.79
10/4/2006,58.49
10/3/2006,60.88
10/2/2006,63.15
9/29/2006,62.4
9/28/2006,62.92
9/27/2006,61.2
9/26/2006,61.91
9/25/2006,60.15
9/22/2006,62.0
9/21/2006,60.86
9/20/2006,62.1
9/19/2006,64.58
9/18/2006,63.6
9/15/2006,63.29
9/14/2006,64.36
9/13/2006,63.67
9/12/2006,65.66
9/11/2006,65.95
9/8/2006,67.11
9/7/2006,67.7
9/6/2006,68.7
9/5/2006,68.48
9/4/2006,69.19
9/1/2006,70.27
8/31/2006,70.36
8/30/2006,69.92
8/29/2006,70.55
8/28/2006,71.82
8/25/2006,72.77
8/24/2006,71.82
8/23/2006,72.87
8/22/2006,73.27
8/21/2006,72.42
8/18/2006,70.58
8/17/2006,71.6
8/16/2006,73.0
8/15/2006,73.46
8/14/2006,73.87
8/11/2006,74.22
8/10/2006,76.25
8/9/2006,76.35
8/8/2006,76.9
8/7/2006,74.8
8/4/2006,75.33
8/3/2006,75.99
8/2/2006,75.12
8/1/2006,74.5
7/31/2006,73.04
7/28/2006,74.62
7/27/2006,73.79
7/26/2006,73.7
7/25/2006,75.26
7/24/2006,74.36
7/21/2006,74.1
7/20/2006,75.0
7/19/2006,75.71
7/18/2006,75.42
7/17/2006,77.61
7/14/2006,77.9
7/13/2006,75.29
7/12/2006,74.09
7/11/2006,73.41
7/10/2006,73.68
7/7/2006,74.75
7/6/2006,75.03
7/5/2006,73.7
7/4/2006,74.14
7/3/2006,73.8
6/30/2006,73.61
6/29/2006,72.43
6/28/2006,72.1
6/27/2006,71.82
6/26/2006,70.77
6/23/2006,70.84
6/22/2006,70.4
6/21/2006,69.4
6/20/2006,69.35
6/19/2006,70.15
6/16/2006,69.99
6/15/2006,69.32
6/14/2006,68.23
6/13/2006,70.05
6/12/2006,71.5
6/9/2006,70.49
6/8/2006,70.6
6/7/2006,72.3
6/6/2006,72.5
6/5/2006,73.38
6/2/2006,70.7
6/1/2006,71.15
5/31/2006,71.96
5/30/2006,71.7
5/26/2006,71.52
5/25/2006,69.68
5/24/2006,71.25
5/23/2006,70.29
5/22/2006,69.0
5/19/2006,69.87
5/18/2006,68.41
5/17/2006,69.62
5/16/2006,68.65
5/15/2006,71.86
5/12/2006,72.74
5/11/2006,72.14
5/10/2006,70.55
5/9/2006,70.07
5/8/2006,70.55
5/5/2006,70.37
5/4/2006,72.12
5/3/2006,74.87
5/2/2006,73.7
5/1/2006,71.8
4/28/2006,71.51
4/27/2006,71.86
4/26/2006,72.83
4/25/2006,72.98
4/24/2006,75.18
4/21/2006,72.95
4/20/2006,74.33
4/19/2006,72.75
4/18/2006,70.45
4/17/2006,69.61
4/13/2006,68.3
4/12/2006,68.94
4/11/2006,68.8
4/10/2006,67.58
4/7/2006,67.53
4/6/2006,67.48
4/5/2006,66.05
4/4/2006,66.48
4/3/2006,66.79
3/31/2006,66.9
3/30/2006,66.18
3/29/2006,66.05
3/28/2006,64.23
3/27/2006,64.11
3/24/2006,63.91
3/23/2006,62.15
3/22/2006,62.15
3/21/2006,61.87
3/20/2006,64.3
3/17/2006,63.48
3/16/2006,62.15
3/15/2006,62.75
3/14/2006,61.75
3/13/2006,59.65
3/10/2006,60.68
3/9/2006,59.78
3/8/2006,61.54
3/7/2006,62.38
3/6/2006,63.7
3/3/2006,63.69
3/2/2006,62.18
3/1/2006,61.55
2/28/2006,60.41
2/27/2006,62.5
2/24/2006,60.93
2/23/2006,60.72
2/22/2006,62.43
2/21/2006,62.51
2/20/2006,62.0
2/17/2006,58.94
2/16/2006,57.91
2/15/2006,59.67
2/14/2006,61.02
2/13/2006,61.64
2/10/2006,62.87
2/9/2006,62.68
2/8/2006,62.96
2/7/2006,64.82
2/6/2006,66.35
2/3/2006,64.77
